movie_id,rated
3741,PG-13
3617,PG-13
4433,R
5935,PG-13
4169,R
3667,R
3742,PG-13
3873,R
4011,PG-13
5993,PG
3968,PG
5898,PG-13
3257,PG-13
3304,PG
3276,PG-13
3526,PG-13
4218,PG
4684,PG-13
3618,R
3279,R
3838,R
3951,PG-13
4126,PG
3343,PG-13
3936,R
3716,PG-13
4852,R
3777,PG-13
4367,R
3524,R
3521,PG-13
3981,PG-13
3264,R
4702,R
4532,PG
3206,PG-13
3977,G
3657,R
4947,PG-13
4845,PG-13
4250,PG-13
4252,PG-13
4537,R
3392,PG-13
3152,R
4096,PG-13
3211,R
4045,PG-13
3614,PG-13
4003,PG-13
3576,PG
4533,R
4405,R
3299,PG-13
3595,R
4986,TV-MA
3150,PG-13
3896,R
3804,R
3212,PG-13
3196,PG-13
5232,R
3640,PG-13
3678,G
4693,R
3669,PG-13
6618,R
3605,R
3305,PG-13
3278,R
3846,Not Rated
3142,PG-13
3642,R
4450,Not Rated
3658,R
3798,R
5109,Not Rated
3280,PG-13
3151,PG-13
3937,R
3727,R
6558,R
3213,R
5675,R
3346,PG-13
3201,R
3306,PG-13
3253,R
4253,R
3140,PG-13
5893,R
3563,R
3922,R
3655,PG-13
4249,R
3265,R
3613,PG-13
7840,N/A
3580,R
3303,R
3935,R
3397,R
3394,R
3260,PG
4122,R
3588,R
3342,PG
3204,PG-13
3272,PG
3203,PG-13
3345,PG-13
3207,R
3810,R
3720,PG
4447,R
3687,R
3589,PG-13
4062,R
3940,R
3269,PG-13
3208,R
3262,R
3766,R
3144,R
3582,R
4227,R
3835,R
6850,R
3993,R
3141,PG-13
3355,PG
3202,PG-13
3258,R
3619,R
6096,PG-13
3344,PG
3778,PG-13
4087,PG-13
3273,R
3719,PG-13
3644,PG-13
3803,R
5361,PG-13
3685,PG
6586,Not Rated
3960,PG-13
3395,R
3254,R
5680,R
3608,R
4709,R
3198,R
3670,R
3676,R
3267,R
3352,R
5145,Not Rated
4024,PG
5320,R
3529,R
4995,PG-13
3844,R
3577,PG-13
3327,R
3259,PG-13
3686,R
3277,R
4089,PG-13
4091,PG
3659,R
3992,R
3673,R
3268,PG-13
4410,PG-13
3792,PG-13
3641,PG
3913,PG-13
4210,PG-13
3616,PG-13
3604,PG-13
3674,R
4599,R
4100,R
4047,PG
3811,PG-13
3261,R
3969,R
3691,R
4001,PG-13
3564,G
3825,R
3754,R
3525,R
4270,R
3677,PG-13
4438,R
3799,R
3578,R
3348,PG-13
4085,R
3579,R
3393,PG-13
3583,PG-13
3209,PG
3961,R
5683,TV-MA
3210,R
3326,PG-13
3822,R
4339,PG-13
3823,PG-13
5684,N/A
4408,R
5413,PG-13
4245,PG-13
4004,PG
4125,R
3639,PG-13
3681,R
4429,R
3575,R
4277,R
4014,PG-13
4246,PG-13
3920,R
3328,R
4021,R
3904,R
3593,PG-13
3324,PG-13
3347,R
3690,R
3876,PG
4048,PG-13
3682,PG-13
3302,R
4093,PG-13
3586,PG-13
4015,R
4556,PG-13
3357,R
4247,R
4285,PG
3911,PG-13
3902,R
4214,R
4050,PG-13
4008,R
3990,PG-13
3585,PG-13
3834,PG-13
6362,PG-13
3732,R
3923,PG
5071,PG
3729,R
3638,R
3723,R
3587,R
3581,R
4225,R
3594,R
4458,R
4188,R
4391,PG-13
4396,R
4272,PG-13
3918,R
3919,R
3875,R
3675,R
3933,R
3522,PG-13
3755,R
3688,PG-13
4300,N/A
4930,R
3809,PG
3837,R
3793,PG-13
4049,R
3903,G
3733,R
3812,R
4069,PG-13
4033,R
3921,PG-13
5686,R
3901,R
4624,PG-13
4453,G
4685,R
3565,PG-13
4362,R
3689,R
4121,PG-13
4642,R
4023,PG-13
3679,PG-13
6072,PG-13
3991,PG
4226,R
4053,N/A
3872,PG
3740,G
3978,R
3855,PG-13
3744,PG-13
3743,PG
4071,N/A
4369,R
4016,R
3768,Not Rated
3721,R
4167,PG-13
5373,PG
3356,R
4215,PG-13
8479,TV-G
4022,PG-13
6049,R
4286,PG-13
3668,R
3671,PG-13
4256,R
4119,R
3905,R
3396,PG
5424,R
3643,PG
3765,PG-13
4040,R
4538,PG
4038,R
5425,PG-13
4274,PG-13
4090,R
3821,PG-13
5340,R
3939,PG-13
3680,R
4002,PG
5800,N/A
3967,PG-13
4112,R
4945,R
3758,PG-13
3934,PG-13
3728,R
3845,R
4946,R
3854,R
3975,PG-13
3739,R
3970,PG
3976,R
4357,R
6922,Not Rated
3950,PG-13
4353,PG-13
4035,R
3672,PG
4352,R
3982,PG-13
3987,PG-13
3897,R
8167,G
3824,G
4088,R
5896,Not Rated
3986,PG-13
4099,R
4007,PG-13
4191,R
4177,R
3757,R
4304,R
4072,R
3730,R
4051,R
3794,PG
3779,PG
4620,R
4449,Not Rated
4404,R
4255,PG
4297,PG-13
3938,PG-13
3994,PG
3718,R
3877,N/A
4065,PG-13
7170,R
4114,PG
3912,R
4115,PG-13
4216,PG-13
3731,Not Rated
3722,R
4211,PG-13
4219,PG-13
4190,PG-13
4621,R
3874,PG-13
5820,R
5690,R
5059,R
3989,R
4389,R
5691,R
4390,R
6965,TV-14
3759,R
4598,R
4434,R
4032,PG-13
4569,PG
3898,PG
4005,PG-13
4631,PG-13
4168,R
4368,PG-13
4515,R
4530,PG-13
4399,PG
5339,N/A
4034,PG
5067,Unrated
4341,PG-13
4593,PG-13
5826,R
5041,R
4165,R
4513,R
4012,PG
4098,R
4224,R
4894,R
4354,R
5769,PG-13
4094,PG-13
4275,R
3856,R
4228,R
3684,R
4432,PG-13
4052,N/A
4892,R
4283,N/A
3836,R
4601,PG
4120,R
4344,PG-13
4303,PG-13
4113,R
6539,R
4977,R
4725,N/A
3797,PG-13
5765,PG-13
6478,PG-13
4070,PG-13
5692,Not Rated
4212,R
4025,PG-13
4213,R
4061,R
4284,PG-13
4181,PG
4031,PG
3805,R
4455,R
4037,PG-13
4887,R
4127,PG-13
5206,R
4975,PG-13
4180,PG-13
4175,PG-13
5204,R
5255,PG-13
4179,PG-13
4123,PG-13
5197,PG
4178,R
4459,PG-13
4097,G
4366,R
4124,R
3988,R
4397,PG-13
4837,PG-13
4248,PG
4170,R
4948,PG
5693,N/A
4342,R
4273,PG-13
4552,R
4813,PG-13
4942,PG-13
4409,R
4340,PG-13
4046,PG-13
4723,PG-13
4338,R
4539,R
4922,R
4436,R
4594,R
4415,G
4363,Not Rated
6025,R
5694,R
4244,PG-13
4343,R
4355,R
4026,R
4306,R
4068,PG-13
4596,R
4243,PG-13
4452,N/A
5136,N/A
4846,PG-13
4595,R
4570,R
4407,PG-13
4514,PG-13
4013,PG
4364,PG-13
4282,PG-13
4695,PG-13
4557,PG-13
4431,PG
4902,PG
4464,Not Rated
5903,Not Rated
4817,TV-G
5393,PG
4217,PG-13
4251,R
4721,R
6307,R
4086,R
5129,PG-13
4707,R
4183,R
4010,PG
4558,PG
4305,R
5430,PG
4590,N/A
4437,R
4036,R
4448,PG-13
4302,R
4427,R
4627,PG-13
4276,PG
4901,NC-17
4622,R
4412,PG-13
5695,R
5335,PG-13
4116,R
4426,R
4716,PG-13
4413,PG
4535,PG-13
4690,PG-13
6004,G
8535,Not Rated
4916,PG-13
4718,PG
4692,R
5696,R
4182,R
4677,PG-13
4118,G
4688,PG-13
4701,R
4254,PG-13
4571,PG
4006,PG
4713,R
4365,R
4628,R
4898,PG-13
4554,R
4698,R
4184,PG
5697,TV-14
4451,PG-13
4897,PG-13
4849,R
4400,R
4568,R
4854,PG
4694,PG
5285,PG-13
5819,PG
5429,R
6175,G
4435,PG
4923,PG-13
4683,R
5423,PG
4454,PG-13
4933,R
4848,PG-13
6163,PG-13
4128,Not Rated
4938,R
4630,Not Rated
4511,PG-13
4836,R
4553,R
5382,R
5375,R
5866,PG-13
4951,PG-13
6008,TV-MA
4840,PG-13
5198,PG-13
4711,PG
5247,R
5880,TV-14
5889,R
4619,R
4457,PG-13
4555,PG
6032,Not Rated
4838,PG-13
4536,PG-13
4166,R
4971,PG-13
7508,Not Rated
4411,PG
4871,R
4708,PG-13
6066,Not Rated
5698,R
5359,R
5203,R
4689,R
5363,PG-13
4691,R
5699,R
4398,PG-13
4704,R
4543,PG-13
4839,R
4597,PG-13
4534,PG-13
5781,R
4092,Not Rated
4301,PG-13
4969,PG-13
5960,R
4954,R
4682,R
6168,PG
4618,PG
5208,PG-13
4953,PG-13
5246,PG
5299,PG-13
6864,PG
4952,PG
4625,PG-13
5436,PG
4420,Unrated
4414,PG-13
4968,R
6044,N/A
4906,R
4626,PG-13
4551,R
5147,Unrated
4696,G
4117,R
4509,PG-13
4567,R
7400,Not Rated
4544,PG-13
4510,PG-13
6418,PG
4934,R
5888,PG-13
4281,PG-13
5700,Not Rated
4095,PG
5189,N/A
6048,PG-13
4966,R
4617,R
4944,PG
5701,R
4920,R
5867,PG-13
5252,PG-13
5895,PG-13
5202,PG-13
4678,PG-13
4976,R
5338,R
4531,PG-13
4430,G
4401,R
4623,R
5702,PG-13
4855,PG-13
4843,PG-13
4970,PG-13
4943,R
4600,R
4919,R
4924,PG-13
4895,PG-13
4681,R
5703,R
4967,PG-13
4949,PG
5901,PG
4841,PG-13
4847,PG-13
5374,PG-13
4712,Unrated
6455,PG-13
4406,R
4940,R
4722,PG
5913,R
4921,PG-13
4720,R
4717,R
5362,PG-13
4853,PG-13
5426,G
6022,R
4545,PG
4842,PG-13
5253,PG
4974,PG-13
5112,R
5764,PG-13
5704,Not Rated
4687,R
5262,N/A
5705,PG
5376,PG-13
5835,R
4844,R
4680,R
4850,R
5408,N/A
5706,R
4546,PG-13
4456,Not Rated
5263,Not Rated
5897,R
4428,R
4686,R
6034,Not Rated
4858,PG-13
5124,Unrated
4907,PG-13
6321,R
5291,PG-13
5707,R
6335,PG
5345,R
4964,PG-13
5708,R
4899,R
5432,PG
5325,Unrated
4857,Not Rated
5377,PG
5709,N/A
5039,R
5433,R
6494,Not Rated
5710,R
5813,PG
5711,PG-13
5712,G
6200,PG-13
5988,R
4719,R
4851,PG
5401,R
5287,PG-13
5394,PG-13
4900,PG
5438,PG-13
5199,PG-13
5422,PG-13
5904,PG
4950,PG-13
5908,PG-13
5254,PG-13
5788,Not Rated
5834,R
5796,Not Rated
6260,R
5971,PG-13
5910,PG-13
5713,TV-14
4918,R
5290,PG
5379,PG-13
5207,PG
6061,PG-13
5395,R
5911,PG-13
5380,R
5791,PG-13
5288,PG-13
5803,PG-13
5836,PG
5399,PG-13
6050,PG-13
5439,R
5300,R
8075,PG
4932,R
5420,R
5378,PG-13
5818,R
6059,PG-13
5970,G
5767,R
5350,R
5817,PG-13
4917,PG
5281,R
5758,R
5938,R
5396,PG
6911,R
5344,PG-13
5417,R
4908,PG-13
5885,Not Rated
6154,PG-13
6474,Not Rated
5249,PG-13
5427,R
5763,R
7076,PG-13
4629,R
5807,R
5799,R
5205,R
4973,PG
5766,PG-13
4710,Unrated
5714,R
4939,R
4697,R
6058,PG
4931,PG-13
4941,R
5715,R
5450,R
5716,R
5248,PG-13
5351,PG-13
4856,R
6169,R
5770,R
6745,PG-13
5381,NC-17
5717,R
5113,R
6064,R
6035,R
6043,R
5383,R
6311,R
5777,R
7047,R
5718,Not Rated
5358,PG-13
5719,R
6305,PG
5346,R
5720,R
5721,PG
6003,PG
5722,R
6289,Not Rated
5200,R
6010,R
5723,R
8586,TV-MA
5428,PG-13
6006,Not Rated
5761,PG
5957,R
5201,R
6675,PG-13
5724,R
6354,R
6144,N/A
5336,R
7159,R
5337,PG-13
5801,PG
5398,R
5725,Not Rated
6015,PG-13
6564,R
5431,PG
5726,R
4859,PG-13
5347,G
5289,PG
6012,R
5727,Not Rated
5343,R
6805,PG-13
6071,PG-13
8312,PG-13
5771,R
5900,PG-13
6207,R
6119,PG-13
5348,PG-13
5892,Unrated
5728,PG-13
6026,R
6038,G
5882,PG
6660,PG-13
5298,PG-13
5849,PG-13
5729,R
5804,PG-13
5400,R
5917,PG-13
5730,PG-13
6587,PG-13
5784,R
6714,PG
5825,R
4715,N/A
6024,R
6005,R
6487,R
6459,PG-13
5731,PG-13
5732,R
5733,R
5360,R
8372,TV-MA
5922,PG-13
5126,R
6819,Not Rated
5209,PG
5416,R
6084,PG-13
5415,R
5776,PG-13
7069,PG
5891,R
6368,PG-13
5734,R
5933,PG
7591,R
5435,R
6266,TV-14
5869,PG-13
5735,Not Rated
6172,PG-13
5736,PG-13
5737,R
4972,PG-13
5976,PG-13
5738,PG-13
8154,TV-MA
5832,PG-13
5250,PG-13
5954,PG-13
7407,G
6001,PG-13
4965,R
5847,PG-13
8480,TV-G
4978,R
5739,Not Rated
4896,R
5740,R
5998,R
5950,PG-13
6638,PG-13
5772,R
6357,R
4679,PG-13
5741,R
7093,PG-13
5996,PG-13
6304,PG-13
5905,Not Rated
5286,R
5251,PG-13
6492,R
6110,G
5802,R
5918,R
5742,Not Rated
6171,PG-13
5934,PG-13
5863,TV-14
6358,G
5945,PG-13
7681,PG
6771,R
6235,PG
6108,PG
6081,R
6183,PG-13
5418,R
5978,PG-13
5884,N/A
5919,PG-13
6159,R
5899,PG
6028,R
6240,PG-13
5883,R
5994,R
5437,PG-13
5768,PG-13
5848,PG-13
5981,Not Rated
6000,PG-13
5743,R
6085,PG
6559,PG-13
6212,PG
5982,R
6453,PG-13
5744,R
7053,PG
6027,PG
5815,PG-13
6151,R
5745,TV-PG
5973,R
5746,Not Rated
5421,R
6255,R
6261,R
5968,R
5915,R
6009,PG-13
5747,R
5748,PG
5974,PG-13
7920,TV-MA
5749,R
6014,R
5750,R
5997,PG
5751,PG-13
6521,R
6538,PG
6020,PG-13
6180,PG-13
5411,PG-13
5775,Unrated
5292,R
5397,PG-13
5227,PG-13
5412,Unrated
5452,Not Rated
5414,PG-13
5886,PG-13
6749,Not Rated
6147,R
5792,PG-13
5759,PG-13
6068,PG-13
7723,G
6350,PG-13
5942,R
5831,PG
6016,R
6298,R
5937,R
6398,G
8547,Not Rated
5774,PG
5846,G
5419,PG-13
6102,PG
5890,R
6120,PG-13
5958,PG-13
6116,PG
6060,PG-13
7222,Not Rated
6801,PG
6167,R
5907,PG-13
7343,PG
6069,PG-13
6343,PG
6463,Not Rated
5995,R
5940,PG-13
5977,R
5990,PG-13
6211,PG-13
6884,R
5920,G
6054,R
6273,PG
5789,R
6540,PG-13
7664,PG-13
5865,R
6088,R
6363,PG-13
5989,PG-13
6076,PG-13
5814,Not Rated
5972,PG-13
6229,R
5943,R
5824,R
5909,PG
7108,R
5349,PG
5979,PG-13
5991,PG-13
6284,R
6118,R
6137,R
5755,PG-13
5752,R
5944,PG
6550,R
5965,R
6710,R
6002,PG-13
6052,PG
5955,R
6296,Not Rated
5931,PG-13
6274,R
6574,R
6067,R
6111,PG-13
5941,PG-13
5806,PG-13
5926,R
5992,PG-13
6514,R
6023,PG-13
6086,PG-13
7653,PG
6170,PG-13
6718,R
6507,N/A
7386,PG-13
6423,R
5939,R
6179,PG
6643,PG
6237,R
6438,R
6600,PG-13
7280,R
5952,R
6099,PG-13
6658,Not Rated
6094,PG
6457,PG
6431,PG
6417,PG-13
6176,R
6315,G
6518,PG-13
6045,PG
6080,R
6104,R
6258,PG-13
6215,PG-13
6535,PG
5924,R
6623,R
5773,N/A
6611,PG
6046,R
6056,R
6382,R
6387,PG
7246,N/A
5946,PG-13
6213,R
6011,R
6174,R
6100,PG-13
6973,PG
5805,R
5753,Unrated
6458,PG-13
6238,R
6018,PG
6291,R
5816,NC-17
6037,R
5956,R
5921,R
6257,N/A
6065,R
6039,Not Rated
5986,R
8533,Not Rated
7040,R
6129,R
6413,PG-13
6571,PG-13
6281,PG-13
6157,PG-13
5798,R
6218,PG-13
6851,G
5925,R
6112,N/A
8389,R
6275,R
6303,R
5987,R
6647,R
6527,R
7367,N/A
6224,Not Rated
6019,R
5966,PG-13
6830,PG-13
6101,PG-13
6106,R
6053,Not Rated
6189,PG-13
6204,R
6254,R
6444,PG
5762,R
6469,R
6297,PG
5833,PG-13
6155,R
6040,PG-13
6185,R
5864,G
5912,PG
6479,PG-13
6373,R
6276,PG-13
6699,PG-13
6371,R
5975,PG-13
6141,R
6758,Not Rated
6105,R
6730,R
6098,Not Rated
6646,PG-13
6339,R
6544,PG
7266,PG-13
6123,PG-13
6581,PG-13
5961,R
6427,PG
6484,PG-13
6395,R
6128,R
6162,R
6252,R
6678,R
6078,TV-PG
5932,G
7232,PG-13
6223,PG
6132,PG
6282,N/A
5959,R
5850,R
6210,PG-13
6041,R
6219,R
6451,N/A
6228,Not Rated
6166,PG-13
6748,PG-13
6262,G
6146,R
6786,R
7762,PG-13
6481,R
6584,PG-13
6508,R
7071,PG
6029,R
6369,R
7557,PG-13
6089,PG-13
6698,Unrated
7109,R
6017,PG
6279,PG-13
6310,R
6042,PG-13
6388,PG-13
6292,PG
6126,R
6047,R
8242,PG-13
6415,PG-13
6377,PG-13
7233,G
6031,R
5947,Not Rated
6140,PG-13
6152,R
7001,PG
5936,R
6243,PG-13
5923,PG-13
6136,PG-13
5984,PG-13
5914,Not Rated
6092,PG
6143,PG
6490,R
6150,PG-13
6124,PG
5906,PG
6926,PG-13
6278,R
6762,Not Rated
6149,R
6470,PG-13
6435,PG-13
6815,N/A
6682,PG
6145,PG-13
7749,TV-PG
6548,PG-13
7824,PG-13
6610,PG-13
6271,R
6378,R
6416,R
6322,PG-13
5962,TV-14
6087,PG
6242,PG-13
6021,PG-13
6158,PG-13
6617,PG-13
6524,R
6142,Not Rated
6721,PG-13
6380,R
6074,R
7322,Not Rated
6057,PG-13
6461,PG-13
6396,PG-13
6405,R
7275,PG-13
6139,PG-13
6196,PG-13
7256,R
6319,PG-13
6889,PG-13
6230,R
6400,R
6697,PG-13
7576,PG
6316,PG
6205,R
6114,R
6433,PG-13
6164,PG
6408,PG-13
6122,PG-13
6314,R
6082,R
6248,PG-13
7065,PG-13
6620,G
6077,R
6173,PG-13
6070,PG
6740,R
6522,R
6331,R
6509,R
6186,PG-13
6299,G
6998,PG-13
6414,G
6306,PG-13
6394,PG
7923,PG-13
6333,R
6379,PG
6269,PG-13
6134,R
6130,R
7817,PG
6121,PG-13
6221,PG-13
6127,PG-13
6313,R
8537,Not Rated
6406,R
7156,R
6198,PG
6757,R
7722,Not Rated
6287,R
6436,TV-PG
6390,R
6503,R
6800,PG-13
6113,PG-13
8203,R
6340,R
6222,PG-13
6083,R
6948,PG-13
6549,G
6272,R
6403,R
6277,PG
6302,Not Rated
6178,PG
6214,PG-13
6447,R
6341,R
6309,PG-13
7502,PG-13
6182,PG-13
8246,R
6916,PG-13
6439,R
6691,PG-13
6606,PG
6589,PG-13
6664,R
6920,PG
6326,R
6250,Not Rated
6466,R
6556,PG
6367,R
6483,PG
6397,R
6860,R
6846,Not Rated
6598,R
6449,PG-13
6467,PG-13
6234,PG-13
6184,PG-13
6428,R
6197,PG-13
6324,PG-13
6327,R
6567,R
7278,R
6251,R
6441,R
6575,PG
8515,TV-MA
6502,PG-13
6557,R
6808,PG
6519,R
6328,R
6866,PG-13
6493,R
6187,PG-13
6117,PG-13
8538,N/A
6501,PG-13
7566,R
6177,R
6768,PG-13
6614,PG-13
6568,PG-13
6202,R
8429,Not Rated
6236,R
6385,R
6338,Unrated
6131,R
6633,PG-13
6342,TV-PG
7995,R
6359,PG
6576,R
6217,PG-13
6356,Not Rated
8290,R
6301,PG-13
7577,PG-13
6562,Not Rated
7011,PG-13
6268,R
6577,R
6625,PG
7509,PG
7417,R
6013,N/A
6249,PG-13
7219,PG-13
6346,PG-13
6345,Not Rated
6329,R
6294,R
6115,PG
6912,PG-13
6165,R
8571,PG-13
6195,TV-G
6967,R
6351,R
6253,PG-13
6662,Not Rated
6825,N/A
6928,Not Rated
6355,PG-13
6389,PG-13
6482,R
7337,PG-13
6573,R
7597,PG-13
6216,PG
6541,R
6288,PG-13
6637,PG-13
6500,R
6203,PG-13
6199,R
7470,PG-13
6426,R
8358,PG-13
6107,Not Rated
6317,PG
6704,R
6446,PG
6712,R
6701,R
6227,R
6676,Unrated
6781,PG
7384,PG-13
6424,Not Rated
6515,PG-13
6560,PG-13
7200,PG-13
6312,R
6855,R
7418,R
6468,PG
7004,N/A
6365,R
7908,PG
6649,R
6384,PG-13
6360,PG-13
6334,PG
6290,PG-13
6776,R
6716,G
6680,R
6619,R
6280,PG-13
7218,PG-13
6513,PG
8430,TV-MA
6938,PG-13
7265,R
7632,PG-13
6722,PG-13
6256,PG-13
6244,R
6445,PG
6465,PG-13
6630,R
6404,PG-13
6381,PG-13
6410,R
6409,R
6190,PG
6925,PG-13
6607,PG-13
6874,R
6486,PG-13
6295,R
6580,Not Rated
6572,R
6353,PG-13
6737,R
6391,R
6582,R
7462,PG-13
6425,PG-13
6407,N/A
6293,R
6505,Not Rated
6208,PG
6511,PG
6270,R
6148,Unrated
6696,R
6437,R
6858,PG
8540,Not Rated
6440,PG-13
6192,PG
6727,PG-13
6442,R
6332,R
6517,R
6670,PG
6283,PG
7100,PG-13
6366,R
6485,R
6308,R
6546,Not Rated
7379,Not Rated
6563,R
6578,R
7074,TV-PG
7354,R
6510,R
6364,PG-13
6764,R
6523,R
6583,PG
7026,R
6460,PG-13
6525,R
6429,N/A
6456,PG-13
7934,R
7706,PG-13
7084,R
7180,G
6537,R
6898,R
6504,R
7435,N/A
6715,PG
6383,PG
7573,R
6605,PG-13
7768,PG-13
7955,PG-13
7318,PG
6565,R
6984,PG
6472,PG-13
7501,R
7096,PG-13
6590,PG-13
7095,G
6601,R
6434,R
6554,R
6604,R
7143,R
6495,R
6991,R
6325,TV-MA
6890,R
8262,PG
6464,PG-13
7909,PG-13
6543,PG-13
7081,R
7854,PG-13
7979,PG-13
7248,Not Rated
8611,R
7145,R
7179,R
6454,R
6711,PG-13
6636,PG-13
6919,PG-13
6477,R
6473,R
6542,PG-13
6352,PG-13
6265,R
6645,R
6393,R
6694,PG-13
6603,Not Rated
7187,PG-13
7452,PG-13
6724,R
6666,R
8325,N/A
8356,PG-13
6471,PG
6488,R
7302,PG-13
7086,PG-13
6566,R
7132,Unrated
6286,PG
6520,PG-13
7118,R
6608,Not Rated
6336,R
6923,PG-13
6330,Not Rated
7513,Not Rated
6621,R
6512,NC-17
7057,R
6526,PG-13
6596,TV-PG
7157,PG
6475,Unrated
8552,R
6733,TV-G
7585,PG
7413,R
6650,PG
6300,R
6624,PG-13
6685,Not Rated
6622,R
7240,TV-14
6751,R
6285,Not Rated
7148,PG
6827,PG-13
6872,Unrated
7167,R
6653,R
6480,PG-13
8056,PG-13
7309,R
8134,PG-13
7964,PG-13
7298,PG
7142,PG-13
6635,PG-13
6533,N/A
6961,PG-13
6934,PG-13
6344,PG-13
6844,PG
7464,PG-13
6392,R
6782,R
6570,PG-13
6602,PG
6671,R
6813,N/A
8270,PG-13
6476,R
6785,PG-13
8179,PG-13
6750,PG-13
6506,R
6609,PG-13
6857,R
6411,R
6940,Not Rated
7790,PG
6809,Not Rated
8545,Not Rated
6516,R
6883,PG
6720,R
6615,R
7292,R
6766,N/A
6579,R
6677,Unrated
7258,R
6443,R
6930,PG-13
7146,Not Rated
7024,PG
6820,R
7543,PG
6654,PG-13
8089,Not Rated
6347,PG
6569,Not Rated
8391,Not Rated
7544,PG-13
6994,R
7945,PG
6595,Not Rated
6794,PG-13
6421,R
6741,PG-13
6616,R
6642,R
6648,PG-13
7027,PG
6725,PG-13
7397,TV-14
8072,TV-14
7195,Not Rated
6892,R
8141,PG
6651,PG-13
6528,PG-13
6661,PG-13
6626,R
6823,R
7273,Not Rated
6944,Not Rated
6657,PG-13
7537,R
7263,TV-PG
6845,G
6553,Not Rated
7087,PG-13
7221,R
7294,PG-13
6529,Not Rated
6597,R
6674,R
6555,R
8395,R
7153,Not Rated
6743,R
6954,R
7283,PG-13
6970,R
6531,R
6547,R
6818,Not Rated
7228,PG
7184,PG
6895,PG
7237,PG
6639,PG-13
7051,R
6592,R
7626,R
6978,Not Rated
6812,TV-PG
8107,TV-PG
6783,R
6852,PG
6882,R
7052,Not Rated
7842,PG-13
8475,PG-13
7560,R
6627,R
6530,PG-13
6742,R
6432,R
7013,PG-13
6955,PG-13
8291,PG-13
6942,R
6729,R
6695,G
6534,PG-13
6498,Not Rated
6700,Not Rated
6806,PG-13
7225,R
6821,PG-13
8643,PG-13
6932,Unrated
6489,PG-13
6993,PG-13
7341,PG-13
6659,PG-13
6761,Not Rated
6717,Not Rated
7078,R
6663,PG-13
7243,PG
6672,R
6734,R
6665,Not Rated
7122,PG
7262,PG-13
7431,PG-13
7334,R
6753,PG-13
7162,R
7730,PG-13
6693,R
7117,Not Rated
7434,PG-13
6561,PG
6835,Not Rated
7214,PG-13
6838,R
6689,PG-13
6836,PG
7645,R
6779,G
6867,R
8408,N/A
6773,PG-13
6644,R
7253,PG
7345,R
7520,PG-13
7582,PG
6765,PG
6817,PG-13
7369,PG-13
6732,R
6910,PG-13
6668,R
7836,PG-13
6824,R
6787,Unrated
7091,PG
7115,R
6929,PG-13
7335,PG-13
6726,R
7059,Not Rated
7433,PG-13
7355,PG
6759,PG-13
7580,PG
6834,TV-PG
7286,R
6832,PG-13
6810,Not Rated
7044,PG-13
7102,PG-13
6746,PG-13
6552,PG
6632,N/A
6585,PG-13
6933,Unrated
7380,PG-13
7235,Not Rated
7447,PG-13
8069,R
6754,PG-13
6640,Not Rated
8112,TV-MA
7000,R
7029,R
6702,Unrated
7015,Not Rated
6684,TV-MA
6679,R
6869,PG-13
7333,PG
6613,PG-13
6833,PG
6769,R
7620,PG-13
6784,R
7305,R
7255,PG-13
6905,PG-13
6802,R
7510,PG-13
7161,PG
6958,Not Rated
6795,PG
6789,N/A
7193,R
7227,R
6731,PG-13
7036,R
8327,PG-13
6863,R
7276,R
7339,Not Rated
6968,PG-13
6634,PG-13
6612,PG-13
6881,Not Rated
6842,PG-13
7793,R
6837,R
7299,PG-13
6448,TV-MA
7308,PG
6736,PG
6760,R
8417,PG-13
6798,R
7382,R
6778,R
6999,PG-13
6953,R
6497,Not Rated
6588,PG-13
7587,R
6667,PG-13
7023,R
6843,R
7676,R
7419,PG-13
7112,R
7129,R
7173,PG-13
6951,PG-13
6811,R
7553,Not Rated
7814,R
6652,R
7136,R
6952,PG-13
6988,PG-13
6848,PG-13
6673,PG
7865,PG
7295,R
6937,PG
8572,PG
7177,R
7660,PG
6862,R
6703,Not Rated
6780,Not Rated
6871,Not Rated
6977,PG-13
7312,PG-13
6790,TV-G
7628,Unrated
7094,PG-13
7042,PG-13
6756,PG-13
6949,PG
6591,PG-13
6772,Not Rated
8206,R
7072,PG
7457,PG-13
7297,Unrated
7559,PG-13
6797,PG-13
6826,PG-13
6831,PG-13
7038,Not Rated
7651,PG-13
6599,PG-13
7652,TV-14
7750,PG-13
6987,PG
7231,PG-13
6491,R
7692,PG-13
6692,R
6966,PG-13
6927,PG
7050,PG-13
6963,PG
6774,R
6705,R
6941,PG-13
6763,R
7034,Not Rated
7982,Not Rated
8185,PG-13
7033,Not Rated
8079,R
6901,R
7409,R
6995,R
7614,PG-13
6707,G
6496,Not Rated
6902,PG
8103,R
6629,N/A
6946,PG
7079,R
7045,R
6904,PG
6803,PG-13
8294,R
7252,R
7217,PG-13
6868,R
6917,R
7362,PG
7693,PG-13
6950,R
6655,R
7211,Not Rated
6793,R
7608,N/A
7581,Not Rated
6706,Not Rated
6859,PG
7323,R
6719,R
7395,Not Rated
6814,TV-PG
6943,R
7799,Unrated
7216,R
8339,PG-13
6914,R
7549,R
6894,PG-13
6828,R
8333,PG-13
7372,PG-13
7338,PG-13
6936,PG-13
6918,R
6989,PG-13
7009,R
6807,PG
6804,PG-13
7058,PG
7020,R
7144,R
6908,R
7019,R
6964,Not Rated
6891,R
7212,TV-14
6791,R
7482,PG-13
7491,PG-13
6956,R
6888,PG-13
6986,PG-13
7181,R
6792,R
6985,R
8541,Not Rated
7150,PG-13
6739,R
7007,PG-13
6878,PG-13
6981,R
7022,R
6971,TV-PG
6980,R
7186,R
7014,R
6747,Unrated
6681,PG-13
7174,R
7353,PG-13
6841,Not Rated
7530,PG-13
6962,R
6847,R
8014,R
6939,PG-13
6887,R
7257,PG
6723,PG-13
7046,R
6899,Not Rated
7242,N/A
6709,Unrated
7070,PG-13
6628,Not Rated
8061,PG-13
6896,Not Rated
7041,PG-13
7002,R
7366,R
7139,R
7556,Not Rated
7037,PG-13
7048,PG-13
6770,PG-13
7360,R
6997,R
7347,Not Rated
6879,R
6960,PG-13
8161,R
7163,R
7208,R
7239,R
6853,R
7028,R
8612,PG-13
7448,Not Rated
7329,R
7594,R
6915,R
7314,R
7123,R
6865,R
7788,PG-13
7673,R
7133,PG-13
8416,PG
6738,R
6735,PG
6996,PG-13
7082,R
7005,R
8116,PG-13
7128,PG-13
7135,R
7016,R
7160,PG-13
7402,R
7075,PG-13
7067,R
7125,Not Rated
7454,TV-MA
7412,PG
7060,R
7605,PG-13
7688,R
7196,PG
7215,R
8064,R
6900,R
6875,R
7500,PG-13
7561,Not Rated
7588,PG
7238,Unrated
8052,PG-13
8285,PG-13
6822,R
7270,R
8101,PG-13
8021,R
7166,R
7542,PG-13
7972,PG-13
7328,PG-13
7226,PG-13
7758,R
7066,PG-13
6744,PG-13
7350,R
7970,R
7629,R
7493,G
7147,R
8324,R
7111,PG
7183,R
7603,Not Rated
7714,PG
7421,PG-13
7394,PG-13
7301,PG
7077,PG-13
7039,R
7277,N/A
7290,R
6849,R
7444,R
7458,G
7021,R
7224,R
6913,R
7134,R
7107,Not Rated
7527,R
6907,Not Rated
6886,TV-PG
7206,PG-13
7307,R
7611,PG-13
8084,PG-13
7006,PG
7432,PG-13
7101,R
7104,PG
7331,R
7182,R
7770,R
7140,Not Rated
7669,R
7120,R
7063,R
6903,R
7017,R
7165,R
7164,R
7114,R
7535,R
7532,R
7748,Not Rated
6877,R
7190,R
8618,N/A
7488,R
7845,R
7563,R
7105,Not Rated
7870,Not Rated
7357,PG-13
8470,PG-13
7121,N/A
7721,G
7928,R
7326,PG-13
7154,R
7090,R
7175,R
7260,Not Rated
7189,R
7352,Unrated
7615,R
7304,R
8137,R
7584,R
7630,R
7461,R
7230,Not Rated
7679,R
7080,PG-13
7199,Not Rated
8496,TV-14
7223,R
7031,R
7103,R
6873,TV-MA
7127,R
8231,PG-13
7521,R
7476,PG-13
7259,NC-17
7151,PG
8320,R
7769,R
7787,R
7416,Not Rated
7708,PG
6947,Not Rated
7138,TV-PG
7191,PG-13
7293,PG-13
7485,R
7291,PG-13
7279,R
8078,N/A
8600,TV-G
7025,PG
6893,TV-PG
7393,TV-PG
7168,R
8241,PG-13
8584,R
7949,TV-MA
7548,PG-13
8596,R
7201,PG
8164,R
7736,R
7466,PG-13
7110,Not Rated
7929,PG-13
7475,PG
7376,PG
8108,Not Rated
7188,R
7172,PG-13
7424,PG
7099,Not Rated
7552,R
7720,R
7683,R
7247,Not Rated
7600,R
7010,R
7035,PG-13
7098,PG-13
7310,PG-13
7092,R
7349,R
7514,PG-13
7371,Not Rated
7536,Unrated
7408,R
7274,R
7370,PG
7194,R
8083,R
7465,PG-13
7873,R
7287,R
7249,PG
7589,PG-13
7241,PG-13
7344,Unrated
7690,PG-13
7875,Not Rated
8008,PG-13
8147,R
8542,Unrated
7885,R
7317,R
7449,PG-13
7499,R
7436,G
8062,PG-13
7622,R
7719,PG-13
7202,R
8345,PG-13
7483,R
7545,R
7209,R
7364,PG-13
7936,PG-13
7113,R
7777,R
7604,PG-13
7903,PG-13
7155,N/A
8491,R
7296,R
7185,TV-PG
8555,Not Rated
7411,N/A
7596,R
7767,PG-13
7803,R
8263,R
7377,R
8604,PG-13
7250,PG-13
7251,PG-13
7198,Not Rated
7874,R
8090,Not Rated
7415,PG-13
7149,R
8138,Not Rated
7171,Not Rated
7271,PG-13
8485,PG-13
7744,PG-13
7268,R
7891,R
7612,PG
7388,Not Rated
7602,PG-13
8353,R
8020,R
7484,PG
8243,R
7264,Not Rated
7784,PG-13
7647,PG
8531,R
7486,PG-13
7236,R
7358,R
7405,PG-13
7525,R
7361,PG-13
7169,PG-13
7346,PG-13
7755,R
7106,R
8035,PG
8288,Not Rated
7937,PG-13
8100,PG-13
8580,Not Rated
7696,PG-13
7401,R
8001,R
7471,R
7445,PG
7687,PG-13
7311,PG
8111,PG-13
7453,Not Rated
7365,R
7437,PG-13
7073,G
7062,TV-MA
7952,R
7887,R
7984,PG-13
7598,PG
8168,PG-13
7699,PG
8360,R
7363,PG-13
7446,R
7450,G
7523,R
7269,PG-13
7459,Not Rated
7648,R
7685,PG-13
7477,R
7282,R
7562,R
8142,R
7756,Not Rated
7859,PG-13
7828,PG
7700,R
7551,R
7506,G
8034,R
7959,G
7516,PG-13
7667,R
7981,R
7340,PG-13
8073,R
7429,PG-13
7420,PG-13
7526,R
7375,R
7203,R
7316,R
7131,R
7422,PG
7330,R
7064,PG
7406,R
7844,R
7463,R
7472,R
7659,PG
7061,TV-PG
7921,PG-13
8190,R
8058,TV-14
7428,PG-13
7682,R
8019,PG-13
7398,Unrated
7515,R
8641,PG-13
8118,PG
7456,TV-MA
7825,R
8011,PG-13
7785,R
7229,R
7492,R
8359,PG-13
7116,Unrated
7342,R
7625,R
7922,PG-13
7564,PG-13
7423,TV-MA
7430,R
7606,PG-13
7917,PG-13
7320,Not Rated
8499,R
7518,Not Rated
7083,TV-PG
7451,R
7469,R
8267,R
8303,PG-13
8597,PG-13
7627,Not Rated
7478,R
7479,R
7965,R
8033,PG-13
7327,R
8006,PG-13
7505,R
7621,Not Rated
7332,R
7522,Unrated
7826,PG-13
8121,R
7757,PG-13
7524,PG-13
7284,Not Rated
7896,PG-13
7324,R
7442,Not Rated
7776,R
7504,PG-13
7619,PG
7426,PG-13
7351,PG-13
7325,PG
7666,PG
8318,R
7234,R
7348,R
7624,PG-13
7613,R
7590,PG-13
7374,G
7261,PG-13
7503,PG-13
7356,Not Rated
7547,R
8255,R
7631,Not Rated
7390,PG-13
7487,PG-13
7905,PG-13
7313,PG-13
7716,PG-13
8188,PG
7205,R
7368,Not Rated
7849,PG-13
7670,R
7414,Not Rated
7439,PG-13
7702,R
7671,PG-13
7635,R
7460,PG-13
8562,PG-13
7663,PG-13
8592,R
7541,PG-13
7610,PG-13
7634,PG-13
7729,Not Rated
7642,R
7571,PG-13
7623,R
7738,R
7942,R
7820,PG-13
7531,PG
7677,R
8211,R
7935,R
7467,PG-13
7897,R
7643,PG-13
7441,R
8595,PG-13
8113,Not Rated
7718,R
7321,R
7924,Not Rated
7574,R
7734,R
7568,R
7578,R
8240,PG-13
8484,PG-13
7763,R
7387,G
7689,PG-13
7529,Not Rated
7517,R
7519,R
7907,PG
7754,PG
7609,R
8486,PG-13
7657,PG-13
8192,PG-13
7511,R
7540,PG-13
7570,PG
7599,R
7871,Not Rated
8514,N/A
7658,R
7565,PG-13
7512,R
7724,R
7806,R
8509,PG-13
8646,N/A
7440,Not Rated
7694,R
7638,PG-13
7315,PG-13
7695,R
8536,G
8204,PG
7579,PG-13
7675,PG-13
8194,PG
7807,PG
7857,PG-13
7443,PG
7480,PG-13
8000,R
7808,Not Rated
7592,R
8444,PG-13
7555,PG-13
7703,R
7528,PG-13
8413,PG
8092,PG-13
7962,PG-13
7427,G
7289,PG-13
8373,PG-13
7399,Not Rated
7830,R
7684,PG
7731,PG
7951,PG-13
7575,PG-13
8472,R
7583,R
7633,R
7906,R
8184,TV-MA
7938,R
7968,PG
8002,PG
7567,R
7404,Not Rated
7853,PG-13
8569,R
7496,TV-PG
7403,PG
7649,N/A
7438,TV-14
7672,R
8067,TV-14
7895,Unrated
7701,PG-13
7636,PG-13
8085,R
8406,Not Rated
7858,PG-13
7618,PG-13
7775,R
7802,PG-13
7759,R
7975,R
7507,R
7593,Not Rated
8110,R
8094,R
7827,PG-13
7534,R
7733,PG-13
7655,PG-13
7616,R
7998,R
7572,NC-17
8521,R
7740,R
7953,PG-13
8042,PG-13
8104,R
7473,Not Rated
7697,PG-13
7586,Not Rated
7391,Not Rated
7711,R
7538,PG-13
7490,TV-MA
7916,TV-MA
7704,PG-13
7698,R
7868,R
7558,PG
7665,R
7771,R
8026,R
7856,R
7913,PG-13
7809,R
7601,R
8471,R
7881,R
8295,PG-13
7954,Not Rated
8445,R
7813,PG
7674,PG
7960,Not Rated
7569,R
7816,R
7866,R
7819,Not Rated
7617,PG
7495,R
7550,Not Rated
8257,PG-13
7847,R
7751,R
8300,R
8419,R
8054,Unrated
8517,R
8076,R
8074,R
8133,R
7884,Not Rated
8328,PG-13
7918,PG-13
7533,PG-13
8130,Unrated
7950,PG-13
7385,Not Rated
7914,R
7705,Not Rated
8027,R
8039,Not Rated
7986,PG-13
8017,R
8341,R
8131,R
7468,PG-13
7974,R
8559,Not Rated
7546,PG-13
8125,PG-13
7656,PG-13
7743,R
8102,PG-13
8148,PG-13
7773,R
8095,R
7668,TV-MA
8390,R
8598,R
7888,R
7855,R
8013,R
7993,PG
7779,R
7774,R
7717,R
7983,PG
7662,PG-13
7707,R
8310,PG
7811,R
8158,PG-13
8279,R
7795,PG-13
7783,PG-13
8178,PG-13
8123,R
8461,PG-13
7686,Not Rated
8463,Not Rated
7798,R
8561,R
7678,R
7850,Not Rated
7944,PG-13
7815,R
7911,R
8315,PG
7680,R
7725,R
7765,R
7789,R
7963,R
7919,R
8244,R
7848,R
7876,Not Rated
7794,R
7966,R
7846,Not Rated
7961,R
8174,PG-13
7931,PG-13
7915,R
8114,Not Rated
8036,R
7821,Not Rated
7823,R
8176,R
7943,R
8060,PG-13
8301,PG-13
8476,PG-13
8091,Not Rated
7902,Not Rated
8225,R
8565,Not Rated
7967,R
8150,PG-13
8439,PG
7810,R
8233,R
8276,PG-13
8619,R
8129,Not Rated
8023,R
8490,PG
7927,R
8186,R
8047,PG-13
7766,PG-13
7818,Not Rated
8022,PG-13
7752,R
7772,PG-13
7646,R
7863,Not Rated
8172,R
8012,R
7829,R
7925,N/A
7882,Not Rated
8004,PG-13
7791,Not Rated
8229,PG-13
7997,R
7994,PG
8041,PG-13
8199,Not Rated
7886,Not Rated
7894,R
8136,PG-13
7947,Not Rated
8040,R
8030,Not Rated
7764,Not Rated
8259,R
8367,R
8068,R
8448,R
8567,PG
7989,R
7893,R
7930,R
7782,Not Rated
7760,PG-13
8497,R
7889,R
8299,PG-13
7880,Not Rated
7872,N/A
7691,TV-MA
7900,Not Rated
7892,Not Rated
7869,R
7812,TV-MA
8305,PG-13
8473,PG
8410,PG
7910,R
8214,R
8220,PG-13
7780,R
7781,R
8209,PG-13
8197,R
8603,R
8198,G
7644,N/A
8363,PG-13
8170,R
7864,R
8477,PG-13
7800,Not Rated
7732,PG-13
7761,PG-13
7796,Not Rated
7753,PG
8449,PG-13
7797,R
7958,R
7926,PG
8082,PG-13
8483,PG-13
8268,R
8502,PG-13
7801,Not Rated
8087,Not Rated
7877,PG-13
8018,PG-13
8146,R
8314,R
8283,PG-13
8200,R
8119,R
7837,Unrated
8117,PG-13
8169,N/A
8106,Not Rated
7956,R
8265,R
8334,PG
8224,R
7999,PG-13
8037,R
8135,Not Rated
8010,R
8412,R
8166,PG-13
8051,Not Rated
8428,Not Rated
7901,R
8163,PG-13
8155,PG-13
8421,PG
8029,R
8071,Not Rated
8159,R
7988,Not Rated
7939,PG-13
8307,R
8081,PG-13
8260,R
8207,PG-13
8627,R
8287,PG
8201,R
7898,TV-PG
7904,PG
7831,TV-14
8096,TV-PG
8157,R
7985,R
7976,R
8599,PG
8217,R
8507,R
8379,R
8628,PG
8132,R
8032,NC-17
8152,PG
8297,R
8489,PG
8202,R
8182,Unrated
8066,PG
8009,R
8050,Not Rated
7912,R
8049,Not Rated
8070,PG-13
8513,R
8326,PG-13
7822,PG-13
8115,R
8215,Not Rated
8368,R
8329,Not Rated
8272,R
8105,Not Rated
8097,Not Rated
8230,PG-13
8124,R
7978,R
7990,PG-13
7969,PG-13
7948,R
8144,PG-13
8005,PG-13
8162,G
7991,Not Rated
8411,R
8180,R
8522,PG-13
8031,R
8007,R
8156,Not Rated
7879,TV-14
7940,PG-13
8143,PG-13
8025,R
8059,TV-14
7899,Not Rated
8492,PG-13
7867,Not Rated
8228,PG-13
8377,PG-13
8193,PG-13
8405,R
8624,PG-13
8120,Not Rated
8219,R
8245,R
8205,R
8063,PG-13
8160,R
7835,G
8140,Not Rated
8028,PG-13
8404,Unrated
8357,PG-13
7957,PG-13
8273,R
8212,R
8570,Not Rated
8409,PG-13
8520,R
8235,TV-MA
8459,R
8175,PG
8024,R
8437,PG-13
7946,PG-13
7971,R
8122,Not Rated
8474,R
8500,R
8055,PG-13
8375,PG-13
8045,TV-G
8342,PG-13
8546,PG-13
8578,G
8344,R
8223,PG-13
8236,PG-13
8093,R
8593,TV-14
8354,PG-13
8053,PG
8435,R
8271,R
8574,Not Rated
8563,R
8284,Not Rated
8564,PG
8128,R
8247,Not Rated
8446,PG-13
8153,Not Rated
8173,N/A
8658,Not Rated
8441,Not Rated
8322,R
8003,PG-13
8407,PG
8278,R
8191,R
8195,Not Rated
8432,R
8149,Not Rated
8386,PG-13
8650,R
8216,R
8196,PG-13
8044,G
8298,Not Rated
8401,Unrated
8431,N/A
8488,R
8355,PG-13
8280,R
8423,PG-13
8487,PG-13
8634,Not Rated
8289,Not Rated
8610,PG-13
8640,R
8453,R
8338,PG
8171,R
8481,PG
8281,R
8210,Not Rated
8343,R
8057,PG-13
8282,R
7977,TV-14
8248,PG-13
8151,Not Rated
8302,Not Rated
8251,R
8501,R
8352,Not Rated
8433,PG-13
8145,PG-13
8065,TV-PG
8321,R
8189,R
8332,R
8336,R
8450,R
8309,Not Rated
8512,Not Rated
8337,R
7980,PG-13
8426,PG-13
8645,R
8088,Not Rated
8457,PG-13
8249,Not Rated
8557,Unrated
8250,R
8505,R
8238,PG-13
8296,R
8286,R
8177,R
8181,R
8226,R
8383,R
8420,PG-13
8139,R
8575,R
8277,R
8414,R
8371,R
8403,PG-13
8452,PG-13
8331,R
8427,R
8614,PG
8465,Not Rated
8340,R
8234,Not Rated
8462,PG-13
8227,R
8504,PG-13
8458,R
8308,PG-13
8252,R
8583,PG-13
8213,PG
8316,R
8293,TV-14
8508,PG
8046,R
8639,R
8582,PG-13
8548,PG-13
8221,N/A
8468,R
8187,R
8237,Not Rated
8266,R
8635,PG-13
8311,PG-13
8306,Not Rated
8469,R
8455,Not Rated
8253,R
8524,R
8254,R
8335,R
8396,R
8415,PG-13
8629,R
8523,TV-MA
8351,R
8222,Not Rated
8467,PG-13
8350,PG
8208,Not Rated
8587,Not Rated
8434,Not Rated
8581,Not Rated
8613,R
8398,N/A
8530,R
8425,Not Rated
8577,PG-13
8456,R
8418,PG
8615,R
8077,Not Rated
8362,PG-13
8518,R
8438,R
8440,Not Rated
8274,R
8378,R
8590,Not Rated
8366,R
8442,PG
8393,R
8460,R
8466,Not Rated
8258,Unrated
8511,PG
8361,PG-13
8239,Not Rated
8605,TV-MA
8519,R
8264,PG-13
8503,R
8560,R
8647,PG-13
8397,R
8623,PG-13
8529,PG-13
8550,R
8319,N/A
8394,PG-13
8454,PG-13
8464,PG-13
8443,G
8568,PG-13
8525,R
8588,N/A
8601,R
